warfall3n,6aa2de13-24b7-4b76-8bf6-2d0d9692a683
jirkaooo,9e4a568d-31a0-4a5f-ba4b-24dd81855659
kikica,77715d9d-3577-4897-9725-a46aad03b252
ospa778,20899bf0-d31a-4ca3-8384-f1ff98083cc3
linnyko,9fcf9ba4-b69f-40ff-8e4d-45cb6a610e29
abeoji,56f8f302-5652-4d24-8d4a-98f23d242291
bf_0ca_riir_crab,89454869-26ac-4b01-9ba3-8d05409c1ca8
cit_1f8f261f4099,1f8f261f-4099-23f7-b260-8864cd6c881a
m0rxd3v,1619a927-3188-4265-aa62-5915fb7c69d5
jasonrackz,08748696-9c96-45fe-b358-5f6da1deb802
bananem63fr,02f87e91-1064-4906-bf21-027f5a449062
xferzi,fef87c8c-2a59-401a-9fdf-d39ec0f2f0ee
shaggy_lemon,09721002-c4da-45ec-aedd-056e9c9cae60
teeditator,cef22805-f022-49bf-9292-6aca5ed7516d
arangomzl,d5c1e149-8537-4272-aee1-c73853e03e5f
akleanz,9696bc39-ed7e-4d86-96e5-047f36d3e663
rienzy,89659821-74c4-49de-8829-e2ae1da81f1e
uptwisted,e75e35f2-c93a-430b-8d8b-1435da6eb51b
sup3rg4t0kp0,44046807-f3e6-46bb-bdc2-841e265a2486
_blockdude,486f8f5a-91a7-4d9d-a923-913101ac1004
piercerxoyt,2e3ec4b4-7398-4e14-bc82-551eb80cd1c5
_a_ljobs,d5a5bf78-8d62-26b1-8114-9aa89a54d558
zdanilo97,cbf151e3-2ce2-4469-b15e-e7db0f0f53d9
_d_lstore,6306b0b2-7894-2706-a53a-4a66145f8b95
xkiel,67501d56-1411-41d6-b363-64a980db50ff
sedge,e2ca1034-81a2-4c7f-a2ed-cea6c325a64e
diegolala666,2e955056-eb6f-4c99-a5ec-7838582cc7ca
tongamc,22980e90-7edb-4a76-bb1d-7e8933415c24
i1s7ab,3535b8a9-6f50-4d6d-a245-2af7b83d1165
goodgoods,9fdb14b3-4353-452a-9c23-817835e0af60
ohmaxie,737fed4a-eb54-4afb-afd7-2ad659269f98
ruyzg,9696bc39-ed7e-4d86-96e5-047f36d3e663
nyk0us,06d3c0b0-20bc-4adb-9def-f4477d51110b
slendium,fbe33361-7248-452d-a9aa-2239716df650
3fx,fd9881d3-5c1c-40b7-94ae-bee1709990df
dy7l,936145a4-2a1e-47bc-9cb0-42e8792abc67
jimslime,062bdc5f-5863-4031-ae37-f25fae310cc0
taejk,a3ab5e9e-75d2-4213-8718-0186121d2fb3
masscan,636e417a-2fe7-4330-86be-181b62d6104a
delorean12,fbc1dc9e-102f-4c83-87ee-ce8e0ef055a0
2truecl,6f5cdd98-2d79-4f33-84b8-083c5b489726
mysteryd_,d3dbb422-6f28-414a-a75d-02cef38a4d3a
trribl,f6b60a5a-dccb-4e98-ae57-d1110bfe5ab4
duncaron,aaf9122e-d1e8-4376-84f4-62dd615c5b4a
ilennert,5c35701b-cd98-47f2-bdd3-aef418891985
itsadrift,88b7be7c-8993-4778-a1f0-30d0ee740aa9
iamnetrox,2e7824ba-9bce-4be6-990e-7a122d2421a2
achternaam_,ed1820c8-fb77-458c-b002-fc95c532161e
isuavecito,38cb24ec-427b-4995-83dc-2186768db86d
7_d,741568d9-0489-4014-811f-1bda4a489be9
admn_,bc3e919e-c167-45e9-9412-682da520f2a6
yaheardme,a38af659-098d-404e-a371-cc3786f8b8d9
_e_lshop,d8b6d860-374c-2a48-827f-4996684ab65d
zsophy1,51f05d5b-5ba8-451d-9bfd-bbfe2d847ba6
ammarhq_,6c794a7b-e6ff-4fae-89d1-2a771631e576
dogemillionaire,4e1edb1e-060c-4834-917f-b38f174c4928
xbacktrack,a2dee08f-a0cb-471c-856b-09f8c06e4154
craneopinto,174c0743-c3c9-4531-9f9d-d6cc7b535db9
sergiu22044,8ce3e8af-2752-4aff-9d47-3308dc541a6b
darking1222,24d893b6-285a-4c32-a2f7-7a66df7a1b7b
cooldeprived,e80d1d1a-17ef-4a14-bfde-133a404e6714
trskan,80f7bdb6-fed3-4d52-99cf-f6beceb92556
l3nti_,6a8d0991-aead-4572-b0b8-1e5cc4a1acc7
itsvladimirlenin,1e81e46f-8888-4876-b632-fefaf920f485
inkvizit0r,801d0c04-f42a-4911-8229-6fd285a963ad
devscape,79fe00c1-8d9e-41d9-8b6c-039d1c9a89a1
brickv73,bafd476a-9859-4cc3-90d9-6ad0398e9bce
_dutzu_,e8529abb-ebd3-4388-b3ec-3323e3867005
iamzyxz,89a3ecc2-c36a-4b02-bb36-0f1961c92636
huayan727,c39c52af-e0b4-43a9-ac3a-1102aa6bd89e
waterboybrenden,a2ea3bc1-f510-407f-b206-db8c1390166b
cianverx,535708ec-1d7e-47b0-a161-e11731b4a3bb
__ventus__,5d4c173c-6a69-483d-a0d8-3c1c16a494e9
mr_young_,75bf8779-9144-4385-86eb-e9b416f25357
vendory,73d6cd53-2584-4f6f-aa40-e51ba5ce786e
iswwag,38cb24ec-427b-4995-83dc-2186768db86d
vizkn_,8273ebe0-18d7-4358-b7a9-7ff54bef4351
lilsadpanda,b65c3e9c-276a-482c-8dde-28c349c8ebfc
exadia,732a6ed8-fd67-4e78-a0e9-e10abb094cd8
blotar123,938653e0-748c-4ea5-9a4e-5ec2f58768a5
_lhelp,547e814b-09b6-26ce-b8dc-7617af00dda5
texusak,9ddfc5f0-fe0c-45e6-8e2b-73f7e9bf8a17
besword,480f72dc-44ac-4b60-93e7-be3b4ae82bd6
leskiz,c32bee79-d3fd-4137-985d-2c4228300bde
pleummagic_zero,83a53ba7-d7aa-4894-9e3a-34fb1f138a5e
devaholic,95ea20d8-40ce-459b-b7e2-6612f69c7ed6
tiptronic,c590a9f1-513c-4ac7-8bc9-485547d708b3
tyvek_,b0212987-1ea0-4dbd-acd9-66792ed3f24e
kardrak01,8cb1048b-9443-448c-a939-53cbb338a13a
ilkpai,abeb5c64-3e73-48ae-93cb-3c2c1d3042bb
miikie,dbc68491-c311-46db-aae8-961eac27e41b
opagki,3c742e4e-ae5e-46e2-b528-8937c689a8cd
imepxc,1b7fdafd-4c14-478d-a787-2f015ff755bd
llluyer,ba50e82f-c6e3-4365-8e06-04975626941b
oatty,d84f692e-46e1-4129-bfe9-75f594507617
sloterr,0ea956ef-8df7-4ed1-bbaa-e4496278c809
domoan,d69823b6-92a6-45d9-9205-1b5091828176
ninjaryuu,c28095ac-d738-4074-9bf2-decb93d5d6ff
ulkpai,fa38e079-5f27-4f17-b1d7-b85144313c6e
itskieran,7bfe97b3-3392-403f-b43d-915e3fd3652f
sakusanyu,78546034-8f6e-469e-9e65-df280a5b866a
9x9,d93b4df4-30c3-48f7-8aeb-e5db68767660
snowfallyy,2c87c885-a549-4d71-abbb-462c270918e1
03dotti,a38af659-098d-404e-a371-cc3786f8b8d9
imsnoowz_,79ee3e33-8d05-4dfb-ac0b-96a741ebf737
wale_wiadroo,2f03bac2-8ca5-44b5-aa71-9f6f447b131b
jaytuu,86df0284-8232-4bf1-8b13-369ddc8ac037
_3_lkits,b0d017e3-c5ae-2363-894f-9ff8a58f5f7a
toxigon,089ad807-e3d7-47a7-bb7e-c22c27669ae8
laew,15ea0922-1e5f-41bb-8d96-1706c1754641
nithy,212da9b6-b688-4dfd-a06f-2afde232e8e6
atomiccode,59556c05-b12e-4597-be4f-b6664f508fff
liamyoutube,13f85a48-137b-4f1c-a363-bc387c1128a6
maikydev,76d84826-7c80-4ee5-913a-da12db077270
johnskyline,26d6109d-fa9a-4fae-9d95-1f56a08baf33
tweetisweety12,701c4fce-0bee-48c4-9a59-ea55c9d34173
ajssldjr,226c9311-cfb8-47a0-a925-a421ed3c3ac4
_b_ldiscord,d9b2b069-a494-2445-b4cb-a6200956ca6c
nockky,f2b85ab3-14c5-48c2-9ed5-e98131ebd404
you2good,c37ad846-d86e-4e2b-a150-c1512e3fc2a3
iliketrading,c0bdeb59-3041-4d94-83e3-19a55be14b30
lushengoat,8876b672-cc53-47d0-9367-f512991a63bf
piercerxo,2e3ec4b4-7398-4e14-bc82-551eb80cd1c5
ignlube,ff747ed0-4120-4036-bb7d-d22ca9ea45d4
itzmeborro,79594281-ee14-4603-89f4-0453fddb5a7f
mehfranco,284b1d1a-580d-4bc9-9bb2-59911e54a243
vercettisy,94c99743-73cd-45bd-950d-8abd6809cb5c
soynicomx,6a0cedb2-661e-48fd-9d50-e316d50f872e
bankaccounts_,3dd1dbc8-8940-427b-859f-8df995a4282a
rojolin,8b51b4fc-45d1-43d3-8fd1-b26f6ed0e35b
passerby_bear,657b7b99-5859-4890-9372-2a2980f4db7f
ad6nm,d28b73d0-7e95-47b0-81e6-25674c5a86df
albored,a6baa45a-0d06-4186-a132-84ae174d923f
cuddlezzz,0da7ac78-1247-47df-8009-8a6b66716be8
icywavez,f7c79068-5607-4bd2-86d9-bfe9bdfa8462
itzsteggs,69398e37-983f-4a04-a5d8-3f49f655da46
luckyluke_,e5c25f49-4652-458a-8d23-137ae211a512
xc159,313b5786-b471-4796-bd31-40d935db9f83
beny213,a80ae7ef-824e-41be-9ffd-7c2e28645fb0
fusi0nreflex,ce9479fa-65ff-4e94-968a-57497034bed7
ausgerutscht,822c6615-12bb-4c0e-b494-6b8d329d6e02
darugald,cd65db6c-ce73-452f-90d7-892a8ab333e1
jammyontoast,a80926c7-b1de-47de-b574-95a05957385c
clumsyisnotreal,08493275-f1bc-4566-b8a5-28da3a33632d
daskblade,d92be4e5-d255-4bd1-a671-1af0e85b908a
hotegirl123loveu,75a64f57-1eac-44b2-a6e6-12d9aede9c99
migorish_,6de9c7df-05ba-4bb5-9252-45193340115a
x3noxhd,5eda82d4-0af5-4ef8-9f7c-ff54d3bf5aed
aivixrebukx18,1f58ca0f-2343-4500-8ac5-d5439964627b
xjaros,af746196-d6d6-4509-95a5-dec057099f6b
jimmy1000000,15437cf6-96ec-4bd7-be04-9bcc91826e4e
la1m3sas,13d85790-b9f2-4004-9f2c-65bcb6114caf
widmoxx,1242f3c6-5a8b-4d38-b7be-2bb6b1ffa05f
kafewapity,1abcbc35-571c-4ad7-b9b8-2a3e56ba6ea3
pavel775,a3aec27b-463e-409b-9468-c9bba0ff96c6
foolaandcompany,7eb98a2d-77cc-4208-8180-ca704052ece4
kwsraptor,6b22ddd0-b340-421f-a00b-ac4fce419d9e
dragonunion,7b905d49-bc6b-428d-b34d-759f21b9856f
bluepandas98,a25921d7-8147-4267-920c-a5e6941172d4
tsbfunny,44bb64d1-0959-491f-9110-b3080a09312b
nongrataa,b80eaceb-984c-48ab-9d66-ecc921599a24
bastxz,1e4c9576-f5de-402b-99c6-31a84da31eb8
evelynn_lusty,4edba223-a64a-4743-bbee-f26874bf0eca
puzzledduck,0a277532-a9be-4185-a9de-f41e20c9a9c7
honid81,c76a1c75-2061-492c-887f-900faba670fc
rs96,965bff7d-d458-4eaa-84ad-f64ef6c9524f
mystiqu,9b573d38-a88c-473c-b445-aa59a067078f
rayxio,99ea7650-6fe8-4666-ae98-b23c7f264500
axtronomic,b2f66145-cf2b-41c1-996a-c19a525d3ea0
bedtimeguys,b778aec8-be80-40a6-aea6-0c6b8c6bc2a9
rootsdarling,8f1415d1-fc99-4f3c-a04c-6bce0526beea
rosebuddyyyy,4b3ffdcb-fd64-45be-a444-a072285eed1c
tempaccess,79c26e1d-1c43-47d8-8cd4-b6e371e3b67a
asano_senpai,05a3c71c-8bcf-430c-b0a0-0ab204f1eb0e
gourge,90cc436c-7542-4f8c-9883-d8b0e14e0cad
xxgamingjayden,dc70be03-2263-4850-ae9c-e24b48686093
lnslyu,4930d229-595c-4021-aca6-c794791a693e
dpr3y,56803318-29c3-429e-b070-50e522e151f8
gf9,705839f6-3f2f-4e4d-b560-bd6721dc934f
xxork,cac179b2-79a9-47e2-88e4-3c15fe63b079
_d_lworlds,dc045548-4be8-2076-a72b-5542e82c31df
s0owei,f044a9e6-f2c8-4509-ab49-21239d63525f
trenpax,abd53bd6-9931-458f-af58-7d3bc589ff73
danizinhomsb,9657b9dd-d6fe-4697-abbb-98b21b13e2ea
marcus97531,98ee12f4-1441-47bd-84f4-147cf3520f24
rexlmanu,776a08c7-01d7-4637-89b7-0026a04331ab
vsc,a0917d79-9709-46fd-b8a2-ffde9cd933fa
aquaisuseful,ef482ad2-6347-488c-9f02-e55dc5a85f53
knappe_buurman,571d5e07-b936-4e7c-af44-e4607973a621
soyjulion12,1ccae621-cccc-4e14-917c-780382e8b1de
3pixel,269c0aec-d29a-4694-a1b6-8189e9732a0b
lif3key,ab019489-e445-48d8-a3ac-8434b9e65411
_gluzz_,70432d8b-25fa-470a-b278-e87564cc13ec
korte007,e6236187-b80d-495b-873d-c537e2c143e7
spaceley,047f54e0-4dac-40f3-8c40-88e312163ce0
patryk15,20a27c0f-3db0-4b04-b382-3f4116723dba
skrwneo,6444f1a9-8847-42e9-8829-64125a71379a
betalpha19,7ff8c966-b94b-4e9b-9c51-59237ecb37e6
bubbycolditz,34c0fdfa-20e1-4230-845d-74363d609193
chardxz,d6e4bee6-9535-498a-b645-3a8ee997a52e
kl1styy,5e95fbe5-c51c-43ca-b2e3-a3dd2c72cf8d
aychon,895a2802-7aba-48f9-aaf9-26a82b6511f9
xhall_,63127939-009b-4086-a2ea-3d0de762a72c
mrdrawn,740e592b-77f3-4ac6-8564-aca2666e50a9
nickkyrgios,9c945cf7-763e-42dc-b881-8c94210291f5
ixactly,5c564819-ba7f-416d-85f5-eba2fb110fe6
str8uppvp,c5e2df43-4d36-46fd-9d62-ac491b6b28e1
nty789,0692d4ce-6b83-404b-a282-f521a6227927
tonia147,98e4ae91-9429-468a-bf56-1a2ca087c01b
gthstar,3dfb989c-8d23-412d-8039-3973e37ffe19
xxkaysxx,2bf20898-ee49-4d49-b935-39d0c53b534f
error404notf,e977247d-5d38-476e-ae19-9e9f35e01e1a
opqnda,a60e966b-91d2-42c8-9821-3be423870868
zybke,6d4396ab-b60b-4fed-9bd3-0016322c7371
goupeche,2e36c1d5-7ee2-4f8d-b973-94f716d82b09
ankarmr,8d40854f-1980-4ccc-a084-259226cafde7
daddysniper_,86440d0f-0422-4b3b-8b6f-2fbb00a867c4
gianluca,61ef3f71-9424-44c2-9f30-ac176616192c
darkjorb,03afa691-139a-445b-aaa5-5e3925f3245f
ehrenlama,e45331e9-4109-4678-bb10-04e1a3ca4b75
akaboyyt,9d869530-de31-42d1-823e-6768fc39f318
whispering_echo,ed8ef4c9-1e03-4c12-865c-232e1b6b02a6
incristi1,d021d726-cc95-4f9b-864b-059baa56eea0
officialmgp,d6a59b33-41c2-4dd8-bfa9-3d1ba97fd717
jdgamesyt,fe60e0aa-af2e-4225-8aab-218ceadd25d3
sirsytax,cd9c3993-1dd5-47a7-af40-61b443ec13ed
enderazure,c5f18465-769c-41c6-84fa-c02a639c79b2
nicktbxd,73c15944-a124-4ad9-a63d-46cf880a4a37
thedarchrow,fb31996f-8cb7-4d9c-ab3f-5296b27e4aee
dellstarbg,67e9c855-434d-44f0-9878-678ab9ee16d9
uriangeraugurelt,bd4db515-0e09-4912-9c25-3d55dd09bf59
baseballgod100,86dfa268-abfc-40c6-80a3-9efbcf97a3e5
konshengdev,d9133e6b-3f1a-491e-8e23-5f26d512e2fb
peterpande,6e5e03bc-d2ab-40b7-b2a7-8e37c76d37e2
hplayer,2aa3edfd-1bbe-44f0-8813-74f3066b7700
savant974,00986b94-b7dc-405a-b140-5c5ffcf5ae6c
crypticsaintx,821783fe-37c2-4be7-bacf-3a3d61241419
hyperdev_,634634bb-a5d6-4c0d-9968-c34ba2eb3fcb
8zxx_,36623953-a744-4548-a088-1d3f8fb532b7
echoscript,d729345b-c15a-44e8-b31b-7f40ab6f0112
tweetisweety,8e397439-b061-4245-8fce-71def2349060
captain_rexicon,43fd1133-7560-4730-9f53-38a0ed73bc85
zelenik,4b3ffc2f-36b2-404f-b85e-761ce05d2b60
sameshb,1a80beca-a993-4afc-98b2-0be8b7963e49
bl3ndmaster,0abbeb91-02b7-4796-96f7-8b204fb2144e
vodafonesupport,207da177-608d-4e47-9c97-4730bd053e62
yaligaming,f4efd033-f56c-4c90-b142-bc62c4f89bf3
dexays,c8ddc60f-9d28-4f80-a445-77565f5c1ee0
momo18546,847d69d4-b9c4-47eb-9c47-29892a3783a8
michaels1337,4fe276cf-8bef-4c4d-9608-4d9e8c823ffd
cit_38545077d52e,38545077-d52e-2ce9-ba11-6b234d417ecd
narciszew,e891f760-04f8-41fa-b424-a852ae508887
ryantheryan,a34eb2c4-80af-4b3f-9022-e0d6948393b9
bevvzs,05c9f191-c618-4b12-aebc-a8995d19cd13
zediaphback,83280545-8951-406d-af66-33236e763ecf
7ofi,84cb3b11-94bf-4445-8b34-d9189cec68eb
temppy_,961e3666-aa5d-405d-9eae-f1f15d8b5748
m0236,b92c129d-8f01-4fd5-aa44-c465782ff085
13enny,9dfe0d22-ce52-4477-a5f3-fd06b47d5f32
iconiceagles,0579067c-f3a0-4df4-b9f5-498b61e8fa7a
gollischmolli,79e8987d-e13b-430d-b3f1-f6b0ce965f8c
ratmonsterbig,79c974c0-83e8-4d60-8a50-5f2881dd00be
yeetyoshi,9c945cf7-763e-42dc-b881-8c94210291f5
nappsz,98c37c98-871a-47ba-b24d-5ed2e79eb72e
ppdubs,66535324-1612-4e29-b206-3ae0d43420a8
_redeyeog,6953e003-4334-47dc-89b9-473a02489112
ysjt,f701c412-3a7e-4abf-ac26-501168bf7a7a
snycent,7eee495a-c125-4c27-ab1e-3e5e32a9168d
momoshikisfeets,5df3624a-64b1-4461-8ff7-bf3ac2378d7d
crr,a5ed4b5e-61a6-47fe-a1a3-2384b41ef52e
colorado_cope,614d1c9b-3a7f-4944-a3cf-afe294847201
kevin3878,d52481e9-4304-4864-b614-9afd8c6372a2
mermicus,7d91d61b-9d68-42b3-a443-f4b6e51ea744
penguinnerd,2a8f6403-9672-4cc5-b476-4fa7ef7ac794
civanf,49d1cc60-dc83-4e00-84b9-c5f443ef970b
garbea,1240fdd2-ba48-4a52-8598-2b5001af49bc
grudgingpython,e9d11ee0-1965-4326-80ff-5d77c3fa060b
sorokiru,4ed7898e-952d-4b16-b84a-3a781ae2a48c
wizzals,7874dfb8-f5d1-4e4e-89f7-9f2720ae1c67
inchiee,bfae5423-c054-40c1-bb17-31a2bdd04eca
klaasa,89fa8484-2930-4a92-9f3f-af4737a0d54f
notremets,ee33d368-25ff-4962-8ddb-a6d97b175cef
ben420,5c5d849c-0e8f-49d1-bee1-05a2df71df0f
foodeater2357,8ec3283d-a986-4476-99b9-596d50727b1a
shalut,3660c900-d215-4aa0-afe1-d2816ab89392
bolitvaa,2520fe18-f132-4bb7-b9e1-8649158f2fef
plz,9e5354b1-dba2-4cae-a239-7b27049790ea
toxicwaterop1,aec79cad-71ea-41cb-929e-9556cc6e4821
